text,intent
PM किसान योजना की जानकारी दो,government
पीएम किसान सम्मान निधि में रजिस्ट्रेशन कैसे करें,government
PM Kisan ka paisa kab aayega mere account mein,government
फसल बीमा योजना में नाम कैसे दर्ज करें,government
PM Fasal Bima Yojana ke liye kya documents chahiye,government
मेरी फसल खराब हो गई बीमा क्लेम कैसे करें,government
soil health card kaise banwayein,government
मृदा स्वास्थ्य कार्ड कहां से मिलेगा,government
Kisan Credit Card ke liye apply kaise karein,government
किसान क्रेडिट कार्ड की लिमिट कितनी होती है,government
KCC loan ki interest rate kya hai,government
राजस्थान में किसानों के लिए कौन कौन सी योजनाएं हैं,government
Rajasthan kisan yojana 2024 list batao,government
सरकारी सब्सिडी पर ड्रिप इरिगेशन कैसे लगाएं,government
drip irrigation subsidy ke liye apply kaise karein,government
खेती के लिए सरकारी लोन कैसे मिलेगा,government
farm loan maafi ki koi yojana hai kya rajasthan mein,government
किसान कर्ज माफी योजना राजस्थान में है क्या,government
crop insurance claim karne ka tarika kya hai,government
फसल बीमा का पैसा कब मिलेगा,government
PM Kisan beneficiary status kaise check karein,government
पीएम किसान में मेरा नाम है या नहीं कैसे पता करें,government
किसान क्रेडिट कार्ड के लिए कौन से कागज चाहिए,government
KCC ke liye eligibility kya hai,government
सरकारी बीज पर सब्सिडी कैसे मिलती है,government
seed subsidy ke liye kahan apply karein,government
राजस्थान में सोलर पंप पर सब्सिडी मिलती है क्या,government
solar pump yojana rajasthan mein kaise milega,government
PM Kisan yojana mein kitna paisa milta hai,government
पीएम किसान की किस्त कब आती है,government
fasal bima yojana mein premium kitna bharna padta hai,government
फसल बीमा के लिए कौन सी फसलें कवर होती हैं,government
government se khet ke liye paisa kaise milega,government
मेरे खेत का सॉइल हेल्थ कार्ड नहीं बना है क्या करूं,government
soil health card mein kya kya jankari hoti hai,government
किसान सम्मान निधि का पैसा नहीं आया शिकायत कहां करें,government
PM Kisan complaint kaise darj karein,government
राजस्थान कृषि विभाग की योजनाओं की जानकारी दो,government
Rajasthan agriculture department schemes 2024,government
खाद पर सब्सिडी कैसे मिलती है,government
fertilizer subsidy ke liye kya karna padta hai,government
किसान क्रेडिट कार्ड से कितना लोन मिलता है,government
KCC loan kaise milega mujhe,government
फसल बीमा योजना में ऑनलाइन आवेदन कैसे करें,government
PMFBY online registration process kya hai,government
सरकारी योजना का लाभ लेने के लिए क्या करना होगा,government
government yojana ke liye documents kya chahiye,government
पीएम किसान योजना में बैंक खाता कैसे जोड़ें,government
PM Kisan mein bank account update kaise karein,government
राजस्थान में किसानों को मुफ्त बिजली मिलती है क्या,government
free bijli yojana for farmers in rajasthan,government
कृषि यंत्र पर सब्सिडी कैसे मिलती है,government
tractor subsidy ke liye apply kaise karein,government
मेरी फसल बाढ़ में खराब हुई मुआवजा कैसे मिलेगा,government
flood damaged crop compensation kaise milega,government
किसान क्रेडिट कार्ड बनवाने में कितना समय लगता है,government
KCC banwane ke liye kahan jaana padega,government
पीएम किसान योजना के लिए पात्रता क्या है,government
PM Kisan eligibility criteria kya hai,government
राजस्थान में ग्रीनहाउस पर सब्सिडी मिलती है क्या,government
greenhouse subsidy rajasthan apply process,government
फसल बीमा क्लेम रिजेक्ट हो गया क्या करूं,government
crop insurance claim rejected kya karein,government
सरकारी योजना में आवेदन की अंतिम तारीख क्या है,government
PM Kisan last date for registration kya hai,government
किसान सम्मान निधि में आधार लिंक कैसे करें,government
PM Kisan mein aadhar link karna zaroori hai kya,government
राजस्थान में बागवानी पर सब्सिडी मिलती है क्या,government
horticulture subsidy rajasthan mein kaise milegi,government
मेरे गांव में सॉइल हेल्थ कार्ड कैंप कब लगेगा,government
soil health card camp kab lagega mere gaon mein,government
किसान क्रेडिट कार्ड का ब्याज माफ होता है क्या,government
KCC interest subvention scheme kya hai,government
पीएम किसान में गलत जानकारी सुधार कैसे करें,government
PM Kisan correction kaise karein online,government
राजस्थान में मिनी ट्रैक्टर पर सब्सिडी है क्या,government
mini tractor subsidy rajasthan 2024,government
फसल बीमा में नुकसान का सर्वे कब होगा,government
crop loss survey kab hoga mere khet ka,government
सरकारी लोन पर ब्याज दर कितनी है,government
agriculture loan interest rate government bank mein,government
पीएम किसान की अगली किस्त कब आएगी,government
PM Kisan next installment release date kya hai,government
राजस्थान में किसान पेंशन योजना है क्या,government
kisan pension yojana rajasthan ke liye apply kaise karein,government
फसल बीमा के लिए बैंक में जाना जरूरी है क्या,government
PMFBY ke liye bank mein jaana padega kya,government
सरकारी योजना का स्टेटस ऑनलाइन कैसे चेक करें,government
government scheme application status check online,government
किसान क्रेडिट कार्ड से खाद बीज खरीद सकते हैं क्या,government
KCC se khad aur beej kharid sakte hain kya,government
राजस्थान में नई कृषि योजना 2024 कौन सी है,government
new agriculture scheme rajasthan 2024 kya hai,government
पीएम किसान में मोबाइल नंबर कैसे बदलें,government
PM Kisan mobile number update kaise karein,government
फसल बीमा का प्रीमियम कितना है गेहूं के लिए,government
wheat crop insurance premium kitna hoga,government
सरकारी सब्सिडी पर स्प्रिंकलर सेट कैसे मिलेगा,government
sprinkler set subsidy rajasthan apply kaise karein,government
